N,Cc_F,Cg_F,W_um,L_um,fp_target_GHz,R_Ohm,EJ_GHz,EC_GHz,d,f_chain0_GHz,f_chain1_GHz,f_minus_GHz,f_plus_GHz,g_MHz,T1_Purcell_s,f_qubit_GHz
80,1e-18,2e-17,0.6,2.0,30,50.0,627.2512212610997,0.3587079504566504,0.01,27.008049650652374,29.13666538234814,26.663865546218485,27.302521008403357,319.32773109243584,11.118575614391325,3.8492609883370767
80,1.5848931924611109e-18,2e-17,0.6,2.0,30,50.0,627.2512212610997,0.3587079504566504,0.01,27.00616270528915,29.136058332973985,26.65266106442577,27.302521008403357,324.9299719887943,4.429537310134994,3.8492609883370767
80,2.5118864315095718e-18,2e-17,0.6,2.0,30,50.0,627.2512212610997,0.3587079504566504,0.01,27.00317123046425,29.135095782873165,26.65266106442577,27.302521008403357,324.9299719887943,1.7654206567534683,3.8492609883370767
80,3.981071705534985e-18,2e-17,0.6,2.0,30,50.0,627.2512212610997,0.3587079504566504,0.01,26.99842793098434,29.133569191030166,26.65266106442577,27.291316526610643,319.32773109243584,0.7040832004695108,3.8492609883370767
80,6.309573444801943e-18,2e-17,0.6,2.0,30,50.0,627.2512212610997,0.3587079504566504,0.01,26.990905147746293,29.1311472867536,26.65266106442577,27.291316526610643,319.32773109243584,0.2810943330999682,3.8492609883370767
80,1e-17,2e-17,0.6,2.0,30,50.0,627.2512212610997,0.3587079504566504,0.01,26.97897014356614,29.1273036412473,26.641456582633054,27.291316526610643,324.9299719887943,0.11240741500152172,3.8492609883370767
80,1.584893192461111e-17,2e-17,0.6,2.0,30,50.0,627.2512212610997,0.3587079504566504,0.01,26.96002681418752,29.12120235597715,26.607843137254903,27.257703081232492,324.9299719887943,0.04506769309898448,3.8492609883370767
80,2.5118864315095718e-17,2e-17,0.6,2.0,30,50.0,627.2512212610997,0.3587079504566504,0.01,26.929946042427762,29.111522235344733,26.596638655462186,27.246498599439775,324.9299719887943,0.01814301291177521,3.8492609883370767
80,3.9810717055349855e-17,2e-17,0.6,2.0,30,50.0,627.2512212610997,0.3587079504566504,0.01,26.882171816744787,29.09620665046867,26.540616246498598,27.201680672268907,330.5322128851547,0.007350753326867912,3.8492609883370767
80,6.309573444801943e-17,2e-17,0.6,2.0,30,50.0,627.2512212610997,0.3587079504566504,0.01,26.806375126644177,29.07218813634365,26.45098039215686,27.11204481792717,330.5322128851547,0.003007995834714206,3.8492609883370767
80,1e-16,2e-17,0.6,2.0,30,50.0,627.2512212610997,0.3587079504566504,0.01,26.686653259071477,29.035375643724166,26.30532212885154,26.988795518207283,341.7366946778717,0.0012499112437595195,3.8492609883370767
80,1.5848931924611109e-16,2e-17,0.6,2.0,30,50.0,627.2512212610997,0.3587079504566504,0.01,26.499907476337096,28.981740906694604,26.83193277310924,26.843137254901958,5.60224089635849,0.0005315801387740939,3.8492609883370767
80,2.511886431509582e-16,2e-17,0.6,2.0,30,50.0,627.2512212610997,0.3587079504566504,0.01,26.216806160143353,28.91054107987382,25.823529411764707,26.563025210084035,369.74789915966414,0.0002339819715390437,3.8492609883370767
80,3.9810717055349695e-16,2e-17,0.6,2.0,30,50.0,627.2512212610997,0.3587079504566504,0.01,25.81008645498262,28.828136596047457,25.37535014005602,26.159663865546218,392.1568627450981,0.00010817087349046059,3.8492609883370767
80,6.309573444801943e-16,2e-17,0.6,2.0,30,50.0,627.2512212610997,0.3587079504566504,0.01,25.272530514262264,28.746784719663513,24.826330532212882,25.666666666666664,420.16806722689057,5.3456416723738265e-05,3.8492609883370767
80,1e-15,2e-17,0.6,2.0,30,50.0,627.2512212610997,0.3587079504566504,0.01,24.63441659935952,28.677429975201143,24.165266106442576,25.061624649859944,448.179271708683,2.8754029817649248e-05,3.8492609883370767
80,1.584893192461111e-15,2e-17,0.6,2.0,30,50.0,627.2512212610997,0.3587079504566504,0.01,23.961473242523603,28.624559057195185,23.448179271708682,24.400560224089634,476.19047619047547,1.707733017207029e-05,3.8492609883370767
80,2.511886431509582e-15,2e-17,0.6,2.0,30,50.0,627.2512212610997,0.3587079504566504,0.01,23.329368426820334,28.587144549352526,22.79831932773109,23.80672268907563,504.20168067226984,1.1266211963624973e-05,3.8492609883370767
80,3.9810717055349695e-15,2e-17,0.6,2.0,30,50.0,627.2512212610997,0.3587079504566504,0.01,22.79383248736204,28.561853243702256,22.249299719887954,23.302521008403357,526.6106442577019,8.219250763082029e-06,3.8492609883370767
80,6.309573444801943e-15,2e-17,0.6,2.0,30,50.0,627.2512212610997,0.3587079504566504,0.01,22.37709273825605,28.545217690457545,21.77871148459384,22.87675070028011,549.0196078431359,6.543418010879087e-06,3.8492609883370767
80,1e-14,2e-17,0.6,2.0,30,50.0,627.2512212610997,0.3587079504566504,0.01,22.073340651489833,28.534451839819013,21.464985994397757,22.596638655462186,565.8263305322132,5.5842400421769325e-06,3.8492609883370767
85,1e-18,2e-17,0.6,2.0,30,50.0,627.2512212610997,0.3587079504566504,0.01,26.680599685361155,29.030963168204863,26.30532212885154,26.316526610644257,5.60224089635849,10.831943249360695,3.8492609883370767
85,1.5848931924611109e-18,2e-17,0.6,2.0,30,50.0,627.2512212610997,0.3587079504566504,0.01,26.678667254735686,29.03032378292218,26.30532212885154,26.988795518207283,341.7366946778717,4.315162133918302,3.8492609883370767
85,2.5118864315095718e-18,2e-17,0.6,2.0,30,50.0,627.2512212610997,0.3587079504566504,0.01,26.67560381391849,29.029310003069956,26.30532212885154,26.988795518207283,341.7366946778717,1.7197198894273171,3.8492609883370767
85,3.981071705534985e-18,2e-17,0.6,2.0,30,50.0,627.2512212610997,0.3587079504566504,0.01,26.670746761225583,29.027702262103393,26.30532212885154,26.988795518207283,341.7366946778717,0.6857837808897755,3.8492609883370767
85,6.309573444801943e-18,2e-17,0.6,2.0,30,50.0,627.2512212610997,0.3587079504566504,0.01,26.663044440081205,29.02515184237791,26.294117647058822,26.977591036414566,341.7366946778717,0.27374243656335573,3.8492609883370767
85,1e-17,2e-17,0.6,2.0,30,50.0,627.2512212610997,0.3587079504566504,0.01,26.650826697909483,29.021104699872954,26.294117647058822,26.977591036414566,341.7366946778717,0.10943831859447566,3.8492609883370767
85,1.584893192461111e-17,2e-17,0.6,2.0,30,50.0,627.2512212610997,0.3587079504566504,0.01,26.631439529943105,29.014681134528583,26.249299719887954,26.94397759103641,347.3389355742283,0.04385888732295654,3.8492609883370767
85,2.5118864315095718e-17,2e-17,0.6,2.0,30,50.0,627.2512212610997,0.3587079504566504,0.01,26.600664974555187,29.004489970418522,26.238095238095237,26.932773109243694,347.3389355742283,0.017644750142390416,3.8492609883370767
85,3.9810717055349855e-17,2e-17,0.6,2.0,30,50.0,627.2512212610997,0.3587079504566504,0.01,26.551811328095067,28.988360607198935,26.182072829131652,26.887955182072826,352.94117647058675,0.007141520136975949,3.8492609883370767
85,6.309573444801943e-17,2e-17,0.6,2.0,30,50.0,627.2512212610997,0.3587079504566504,0.01,26.474339486394502,28.96303252908181,26.092436974789912,26.809523809523807,358.54341736694715,0.0029177123950834367,3.8492609883370767
85,1e-16,2e-17,0.6,2.0,30,50.0,627.2512212610997,0.3587079504566504,0.01,26.352001362556667,28.92407155883924,25.946778711484594,26.675070028011202,364.1456582633057,0.001209433823303782,3.8492609883370767
85,1.5848931924611109e-16,2e-17,0.6,2.0,30,50.0,627.2512212610997,0.3587079504566504,0.01,26.161060788160878,28.866851843675832,26.518207282913163,26.52941176470588,5.60224089635849,0.000512477498914156,3.8492609883370767
85,2.511886431509582e-16,2e-17,0.6,2.0,30,50.0,627.2512212610997,0.3587079504566504,0.01,25.870907196833702,28.789825716119406,25.464985994397757,26.238095238095237,386.5546218487396,0.00022436465352931035,3.8492609883370767
85,3.9810717055349695e-16,2e-17,0.6,2.0,30,50.0,627.2512212610997,0.3587079504566504,0.01,25.45194520213888,28.69896855004709,25.00560224089636,25.823529411764707,408.9635854341736,0.00010294546147490942,3.8492609883370767
85,6.309573444801943e-16,2e-17,0.6,2.0,30,50.0,627.2512212610997,0.3587079504566504,0.01,24.893959945299557,28.607452533607795,24.434173669467786,25.319327731092432,442.57703081232455,5.0367954194737906e-05,3.8492609883370767
85,1e-15,2e-17,0.6,2.0,30,50.0,627.2512212610997,0.3587079504566504,0.01,24.22555761729143,28.52809903799474,23.728291316526608,24.669467787114844,470.5882352941189,2.6761429268183686e-05,3.8492609883370767
85,1.584893192461111e-15,2e-17,0.6,2.0,30,50.0,627.2512212610997,0.3587079504566504,0.01,23.514215613647846,28.466874851744556,22.977591036414566,23.9859943977591,504.2016806722679,1.567566485712033e-05,3.8492609883370767
85,2.511886431509582e-15,2e-17,0.6,2.0,30,50.0,627.2512212610997,0.3587079504566504,0.01,22.840503406627803,28.423218297156712,22.27170868347339,23.32492997198879,526.6106442577019,1.01973890454552e-05,3.8492609883370767
85,3.9810717055349695e-15,2e-17,0.6,2.0,30,50.0,627.2512212610997,0.3587079504566504,0.01,22.265732541733186,28.393572724032442,21.6890756302521,22.79831932773109,554.6218487394963,7.344507924806168e-06,3.8492609883370767
85,6.309573444801943e-15,2e-17,0.6,2.0,30,50.0,627.2512212610997,0.3587079504566504,0.01,21.815988756290146,28.37402062249081,21.207282913165265,22.350140056022408,571.4285714285717,5.784789865859372e-06,3.8492609883370767
85,1e-14,2e-17,0.6,2.0,30,50.0,627.2512212610997,0.3587079504566504,0.01,21.486823486812472,28.36134710640014,20.87114845938375,22.047619047619044,588.2352941176472,4.8963506957304836e-06,3.8492609883370767
90,1e-18,2e-17,0.6,2.0,30,50.0,627.2512212610997,0.3587079504566504,0.01,26.34612795231841,28.919803227510236,25.946778711484594,26.675070028011202,364.1456582633057,11.057170011616822,3.8492609883370767
90,1.5848931924611109e-18,2e-17,0.6,2.0,30,50.0,627.2512212610997,0.3587079504566504,0.01,26.344155276413467,28.91913624210423,25.946778711484594,26.675070028011202,364.1456582633057,4.404719512616031,3.8492609883370767
90,2.5118864315095718e-18,2e-17,0.6,2.0,30,50.0,627.2512212610997,0.3587079504566504,0.01,26.34102817173356,28.918078736191376,25.946778711484594,26.675070028011202,364.1456582633057,1.7553057328777844,3.8492609883370767
90,3.981071705534985e-18,2e-17,0.6,2.0,30,50.0,627.2512212610997,0.3587079504566504,0.01,26.336070517643538,28.916401733505836,25.946778711484594,26.675070028011202,364.1456582633057,0.6999080409700271,3.8492609883370767
90,6.309573444801943e-18,2e-17,0.6,2.0,30,50.0,627.2512212610997,0.3587079504566504,0.01,26.328209489562823,28.913741625456115,25.935574229691877,26.663865546218485,364.1456582633057,0.27933837946819146,3.8492609883370767
90,1e-17,2e-17,0.6,2.0,30,50.0,627.2512212610997,0.3587079504566504,0.01,26.31574199986167,28.90952079114296,25.935574229691877,26.663865546218485,364.1456582633057,0.11164897892808129,3.8492609883370767
90,1.584893192461111e-17,2e-17,0.6,2.0,30,50.0,627.2512212610997,0.3587079504566504,0.01,26.295963252967738,28.90282209596308,25.89075630252101,26.630252100840337,369.74789915966414,0.04472808990883921,3.8492609883370767
90,2.5118864315095718e-17,2e-17,0.6,2.0,30,50.0,627.2512212610997,0.3587079504566504,0.01,26.26457780527595,28.892194384053568,25.87955182072829,26.61904761904762,369.74789915966414,0.017983850697346714,3.8492609883370767
90,3.9810717055349855e-17,2e-17,0.6,2.0,30,50.0,627.2512212610997,0.3587079504566504,0.01,26.214776765764366,28.875368664135973,25.823529411764707,26.574229691876752,375.35014005602267,0.007272070454088268,3.8492609883370767
90,6.309573444801943e-17,2e-17,0.6,2.0,30,50.0,627.2512212610997,0.3587079504566504,0.01,26.13584235093916,28.848915068497398,25.733893557422967,26.484593837535012,375.35014005602267,0.002966806672702835,3.8492609883370767
90,1e-16,2e-17,0.6,2.0,30,50.0,627.2512212610997,0.3587079504566504,0.01,26.011238191837535,28.808089052430745,25.61064425770308,26.38375350140056,386.5546218487396,0.0012270900324176845,3.8492609883370767
90,1.5848931924611109e-16,2e-17,0.6,2.0,30,50.0,627.2512212610997,0.3587079504566504,0.01,25.816700591658396,28.747695574005437,26.19327731092437,26.204481792717086,5.60224089635849,0.0005182427393437098,3.8492609883370767
90,2.511886431509582e-16,2e-17,0.6,2.0,30,50.0,627.2512212610997,0.3587079504566504,0.01,25.52054048301759,28.665347068539734,25.095238095238095,25.913165266106443,408.9635854341736,0.0002257902058076174,3.8492609883370767
90,3.9810717055349695e-16,2e-17,0.6,2.0,30,50.0,627.2512212610997,0.3587079504566504,0.01,25.09110185503748,28.56645911167996,24.62464985994398,25.48739495798319,431.37254901960756,0.0001028920709603458,3.8492609883370767
90,6.309573444801943e-16,2e-17,0.6,2.0,30,50.0,627.2512212610997,0.3587079504566504,0.01,24.515326261404837,28.464902620571475,24.01960784313725,24.927170868347336,453.7815126050415,4.988271651078013e-05,3.8492609883370767
90,1e-15,2e-17,0.6,2.0,30,50.0,627.2512212610997,0.3587079504566504,0.01,23.819945076145274,28.375352932373396,23.313725490196074,24.288515406162464,487.39495798319433,2.6203286619603122e-05,3.8492609883370767
90,1.584893192461111e-15,2e-17,0.6,2.0,30,50.0,627.2512212610997,0.3587079504566504,0.01,23.073674993719376,28.305418741609913,22.518207282913163,23.549019607843135,515.4061624649868,1.5150973401016696e-05,3.8492609883370767
90,2.511886431509582e-15,2e-17,0.6,2.0,30,50.0,627.2512212610997,0.3587079504566504,0.01,22.361464677936603,28.25516149285266,21.77871148459384,22.865546218487392,543.4173669467773,9.725433923662373e-06,3.8492609883370767
90,3.9810717055349695e-15,2e-17,0.6,2.0,30,50.0,627.2512212610997,0.3587079504566504,0.01,21.749905718006374,28.220872669477767,21.15126050420168,22.282913165266105,565.8263305322132,6.9184193336594425e-06,3.8492609883370767
90,6.309573444801943e-15,2e-17,0.6,2.0,30,50.0,627.2512212610997,0.3587079504566504,0.01,21.268902347755372,28.198195080471212,20.647058823529413,21.801120448179272,577.0308123249301,5.392654125566417e-06,3.8492609883370767
90,1e-14,2e-17,0.6,2.0,30,50.0,627.2512212610997,0.3587079504566504,0.01,20.915487298094536,28.183471272025777,20.29971988795518,21.48739495798319,593.8375350140057,4.527633477836235e-06,3.8492609883370767
95,1e-18,2e-17,0.6,2.0,30,50.0,627.2512212610997,0.3587079504566504,0.01,26.00553404447356,28.803959050971848,25.588235294117645,26.350140056022408,380.95238095238113,10.800309366217856,3.8492609883370767
95,1.5848931924611109e-18,2e-17,0.6,2.0,30,50.0,627.2512212610997,0.3587079504566504,0.01,26.003532028002233,28.803262171016698,25.588235294117645,26.350140056022408,380.95238095238113,4.302250403321564,3.8492609883370767
95,2.5118864315095718e-18,2e-17,0.6,2.0,30,50.0,627.2512212610997,0.3587079504566504,0.01,26.00035852934076,28.802157304366013,25.577030812324928,26.350140056022408,386.5546218487396,1.714378795602316,3.8492609883370767
95,3.981071705534985e-18,2e-17,0.6,2.0,30,50.0,627.2512212610997,0.3587079504566504,0.01,25.995327612634725,28.800405284527756,25.577030812324928,26.350140056022408,386.5546218487396,0.6835305686294252,3.8492609883370767
95,6.309573444801943e-18,2e-17,0.6,2.0,30,50.0,627.2512212610997,0.3587079504566504,0.01,25.987351127274813,28.79762638235599,25.577030812324928,26.350140056022408,386.5546218487396,0.2727651956689958,3.8492609883370767
95,1e-17,2e-17,0.6,2.0,30,50.0,627.2512212610997,0.3587079504566504,0.01,25.97470224196471,28.79321747645343,25.56582633053221,26.33893557422969,386.5546218487396,0.10899849377494297,3.8492609883370767
95,1.584893192461111e-17,2e-17,0.6,2.0,30,50.0,627.2512212610997,0.3587079504566504,0.01,25.95463977966152,28.78622103737137,25.53221288515406,26.30532212885154,386.5546218487396,0.0436515887997958,3.8492609883370767
95,2.5118864315095718e-17,2e-17,0.6,2.0,30,50.0,627.2512212610997,0.3587079504566504,0.01,25.922813299846307,28.775121551873955,25.509803921568626,26.294117647058822,392.1568627450981,0.01754174336485885,3.8492609883370767
95,3.9810717055349855e-17,2e-17,0.6,2.0,30,50.0,627.2512212610997,0.3587079504566504,0.01,25.87233164366452,28.757545795748708,25.464985994397757,26.249299719887954,392.1568627450981,0.007087428329261025,3.8492609883370767
95,6.309573444801943e-17,2e-17,0.6,2.0,30,50.0,627.2512212610997,0.3587079504566504,0.01,25.79235247316019,28.729888817999825,25.364145658263304,26.159663865546218,397.7591036414566,0.0028877603449792076,3.8492609883370767
95,1e-16,2e-17,0.6,2.0,30,50.0,627.2512212610997,0.3587079504566504,0.01,25.666135523776692,28.68709581142122,25.240896358543417,26.047619047619044,403.3613445378151,0.0011920362562519088,3.8492609883370767
95,1.5848931924611109e-16,2e-17,0.6,2.0,30,50.0,627.2512212610997,0.3587079504566504,0.01,25.46902234740284,28.623415732788715,25.03921568627451,25.868347338935575,414.56582633053205,0.0005019356719183376,3.8492609883370767
95,2.511886431509582e-16,2e-17,0.6,2.0,30,50.0,627.2512212610997,0.3587079504566504,0.01,25.168445902332518,28.53562711960367,24.71428571428571,25.577030812324928,431.37254901960756,0.00021772428178524396,3.8492609883370767
95,3.9810717055349695e-16,2e-17,0.6,2.0,30,50.0,627.2512212610997,0.3587079504566504,0.01,24.73092765897406,28.42851752686927,24.243697478991596,25.140056022408963,448.179271708683,9.85978548454686e-05,3.8492609883370767
95,6.309573444801943e-16,2e-17,0.6,2.0,30,50.0,627.2512212610997,0.3587079504566504,0.01,24.140673659093714,28.31653922152072,23.627450980392155,24.568627450980394,470.5882352941189,4.739974953509165e-05,3.8492609883370767
95,1e-15,2e-17,0.6,2.0,30,50.0,627.2512212610997,0.3587079504566504,0.01,23.422309012299777,28.216226635436467,22.87675070028011,23.88515406162465,504.20168067226984,2.4636801669322444e-05,3.8492609883370767
95,1.584893192461111e-15,2e-17,0.6,2.0,30,50.0,627.2512212610997,0.3587079504566504,0.01,22.645260424729717,28.13697298595294,22.081232492997195,23.14565826330532,532.2128851540623,1.4072642368068658e-05,3.8492609883370767
95,2.511886431509582e-15,2e-17,0.6,2.0,30,50.0,627.2512212610997,0.3587079504566504,0.01,21.898304885471013,28.07959049698029,21.296918767506998,22.406162464985993,554.6218487394963,8.919234888479224e-06,3.8492609883370767
95,3.9810717055349695e-15,2e-17,0.6,2.0,30,50.0,627.2512212610997,0.3587079504566504,0.01,21.252975660473098,28.04026341732312,20.635854341736696,21.801120448179272,582.6330532212887,6.269642960635816e-06,3.8492609883370767
95,6.309573444801943e-15,2e-17,0.6,2.0,30,50.0,627.2512212610997,0.3587079504566504,0.01,20.742925801095456,28.014184573517998,20.109243697478988,21.308123249299715,599.4397759103641,4.837519360757316e-06,3.8492609883370767
95,1e-14,2e-17,0.6,2.0,30,50.0,627.2512212610997,0.3587079504566504,0.01,20.366781708136887,27.99722593028978,19.705882352941178,20.92717086834734,610.6442577030812,4.029319184260772e-06,3.8492609883370767
100,1e-18,2e-17,0.6,2.0,30,50.0,627.2512212610997,0.3587079504566504,0.01,25.660588599821374,28.683084569263546,25.240896358543417,26.047619047619044,403.3613445378151,10.998954970661204,3.8492609883370767
100,1.5848931924611109e-18,2e-17,0.6,2.0,30,50.0,627.2512212610997,0.3587079504566504,0.01,25.65856196807621,28.682362157522686,25.218487394957982,26.02521008403361,403.3613445378151,4.381245247099923,3.8492609883370767
100,2.5118864315095718e-18,2e-17,0.6,2.0,30,50.0,627.2512212610997,0.3587079504566504,0.01,25.65534956073646,28.681216842612606,25.207282913165265,26.02521008403361,408.9635854341736,1.7457720139538038,3.8492609883370767
100,3.981071705534985e-18,2e-17,0.6,2.0,30,50.0,627.2512212610997,0.3587079504566504,0.01,25.650257235734593,28.679400756006366,25.207282913165265,26.02521008403361,408.9635854341736,0.695993555622845,3.8492609883370767
100,6.309573444801943e-18,2e-17,0.6,2.0,30,50.0,627.2512212610997,0.3587079504566504,0.01,25.642184059759852,28.676520401837607,25.207282913165265,26.014005602240893,403.3613445378151,0.27770474101215903,3.8492609883370767
100,1e-17,2e-17,0.6,2.0,30,50.0,627.2512212610997,0.3587079504566504,0.01,25.62938347533648,28.671950876511193,25.19607843137255,26.014005602240893,408.9635854341736,0.11095099141479388,3.8492609883370767
100,1.584893192461111e-17,2e-17,0.6,2.0,30,50.0,627.2512212610997,0.3587079504566504,0.01,25.609084271562693,28.664700117174476,25.162464985994397,25.98039215686274,408.9635854341736,0.04442002474310212,3.8492609883370767
100,2.5118864315095718e-17,2e-17,0.6,2.0,30,50.0,627.2512212610997,0.3587079504566504,0.01,25.576891075198997,28.65319745996457,25.140056022408963,25.95798319327731,408.9635854341736,0.01784201589237209,3.8492609883370767
100,3.9810717055349855e-17,2e-17,0.6,2.0,30,50.0,627.2512212610997,0.3587079504566504,0.01,25.52584661475598,28.634979809508792,25.095238095238095,25.913165266106443,408.9635854341736,0.007203353349289892,3.8492609883370767
100,6.309573444801943e-17,2e-17,0.6,2.0,30,50.0,627.2512212610997,0.3587079504566504,0.01,25.44501076858973,28.6062891406668,24.99439775910364,25.823529411764707,414.56582633053205,0.0029315772198025432,3.8492609883370767
100,1e-16,2e-17,0.6,2.0,30,50.0,627.2512212610997,0.3587079504566504,0.01,25.31748651898136,28.561791996980848,24.87114845938375,25.72268907563025,425.77030812324904,0.001207955197874825,3.8492609883370767
100,1.5848931924611109e-16,2e-17,0.6,2.0,30,50.0,627.2512212610997,0.3587079504566504,0.01,25.118309569637688,28.495215349314158,25.521008403361343,25.53221288515406,5.60224089635849,0.0005072585875975085,3.8492609883370767
100,2.511886431509582e-16,2e-17,0.6,2.0,30,50.0,627.2512212610997,0.3587079504566504,0.01,24.814200616961067,28.402496275492222,24.333333333333332,25.2296918767507,448.179271708683,0.0002191508471510286,3.8492609883370767
100,3.9810717055349695e-16,2e-17,0.6,2.0,30,50.0,627.2512212610997,0.3587079504566504,0.01,24.370106085786492,28.287662416921957,23.88515406162465,24.815126050420165,464.9859943977585,9.867642574615544e-05,3.8492609883370767
100,6.309573444801943e-16,2e-17,0.6,2.0,30,50.0,627.2512212610997,0.3587079504566504,0.01,23.767689324903778,28.165526152384825,23.257703081232492,24.23249299719888,487.39495798319433,4.706986611344971e-05,3.8492609883370767
100,1e-15,2e-17,0.6,2.0,30,50.0,627.2512212610997,0.3587079504566504,0.01,23.02936751062736,28.05439425308489,22.49579831932773,23.5266106442577,515.4061624649868,2.4225193299250503e-05,3.8492609883370767
100,1.584893192461111e-15,2e-17,0.6,2.0,30,50.0,627.2512212610997,0.3587079504566504,0.01,22.22485124056743,27.96556267087116,21.655462184873947,22.742296918767504,543.4173669467792,1.3679532840597175e-05,3.8492609883370767
100,2.511886431509582e-15,2e-17,0.6,2.0,30,50.0,627.2512212610997,0.3587079504566504,0.01,21.446241573684635,27.90075294178535,20.8375350140056,21.98039215686274,571.4285714285717,8.565690242401876e-06,3.8492609883370767
100,3.9810717055349695e-15,2e-17,0.6,2.0,30,50.0,627.2512212610997,0.3587079504566504,0.01,20.769674774528816,27.85612931520776,20.165266106442573,21.34173669467787,588.2352941176491,5.952166430868905e-06,3.8492609883370767
100,6.309573444801943e-15,2e-17,0.6,2.0,30,50.0,627.2512212610997,0.3587079504566504,0.01,20.232454684906923,27.8264570413331,19.582633053221286,20.79271708683473,605.0420168067226,4.547221000737132e-06,3.8492609883370767
100,1e-14,2e-17,0.6,2.0,30,50.0,627.2512212610997,0.3587079504566504,0.01,19.834876566361622,27.807130399862007,19.168067226890756,20.400560224089634,616.2464985994396,3.7579290131125573e-06,3.8492609883370767
105,1e-18,2e-17,0.6,2.0,30,50.0,627.2512212610997,0.3587079504566504,0.01,25.31209066236417,28.557893959871524,24.859943977591033,24.87114845938375,5.60224089635849,10.765628901785801,3.8492609883370767
105,1.5848931924611109e-18,2e-17,0.6,2.0,30,50.0,627.2512212610997,0.3587079504566504,0.01,25.310048847286353,28.55714415980768,24.87114845938375,25.711484593837532,420.16806722689057,4.288184195675386,3.8492609883370767
105,2.5118864315095718e-18,2e-17,0.6,2.0,30,50.0,627.2512212610997,0.3587079504566504,0.01,25.306812467860016,28.555955455959328,24.87114845938375,25.711484593837532,420.16806722689057,1.7086149807688813,3.8492609883370767
105,3.981071705534985e-18,2e-17,0.6,2.0,30,50.0,627.2512212610997,0.3587079504566504,0.01,25.30168237751944,28.554070646834266,24.8375350140056,25.6890756302521,425.77030812324904,0.6811323844431459,3.8492609883370767
105,6.309573444801943e-18,2e-17,0.6,2.0,30,50.0,627.2512212610997,0.3587079504566504,0.01,25.293549908312997,28.55108147631253,24.8375350140056,25.6890756302521,425.77030812324904,0.271744995765813,3.8492609883370767
105,1e-17,2e-17,0.6,2.0,30,50.0,627.2512212610997,0.3587079504566504,0.01,25.280656713424243,28.546339704817363,24.826330532212882,25.67787114845938,425.77030812324904,0.10855092040468642,3.8492609883370767
105,1.584893192461111e-17,2e-17,0.6,2.0,30,50.0,627.2512212610997,0.3587079504566504,0.01,25.26021397595432,28.53881634408416,24.815126050420165,25.666666666666664,425.77030812324904,0.04344715107208237,3.8492609883370767
105,2.5118864315095718e-17,2e-17,0.6,2.0,30,50.0,627.2512212610997,0.3587079504566504,0.01,25.22780074220373,28.526882033036564,24.770308123249297,25.633053221288513,431.37254901960756,0.017443670617566378,3.8492609883370767
105,3.9810717055349855e-17,2e-17,0.6,2.0,30,50.0,627.2512212610997,0.3587079504566504,0.01,25.176423566769945,28.5079790274871,24.71428571428571,25.577030812324928,431.37254901960756,0.0070377390967795135,3.8492609883370767
105,6.309573444801943e-17,2e-17,0.6,2.0,30,50.0,627.2512212610997,0.3587079504566504,0.01,25.095090626502298,28.478191403987324,24.62464985994398,25.48739495798319,431.37254901960756,0.002861143195595284,3.8492609883370767
105,1e-16,2e-17,0.6,2.0,30,50.0,627.2512212610997,0.3587079504566504,0.01,24.966819204889177,28.431906987436975,24.501400560224088,25.386554621848738,442.5770308123264,0.001177008379437588,3.8492609883370767
105,1.5848931924611109e-16,2e-17,0.6,2.0,30,50.0,627.2512212610997,0.3587079504566504,0.01,24.766449800733078,28.362343829430355,25.18487394957983,25.19607843137255,5.60224089635849,0.000493038459012173,3.8492609883370767
105,2.511886431509582e-16,2e-17,0.6,2.0,30,50.0,627.2512212610997,0.3587079504566504,0.01,24.46015991167321,28.26461444350255,23.952380952380953,24.882352941176467,464.9859943977585,0.00021222482390691275,3.8492609883370767
105,3.9810717055349695e-16,2e-17,0.6,2.0,30,50.0,627.2512212610997,0.3587079504566504,0.01,24.0115377759637,28.141946388401664,23.49299719887955,24.467787114845937,487.39495798319246,9.505495294983623e-05,3.8492609883370767
105,6.309573444801943e-16,2e-17,0.6,2.0,30,50.0,627.2512212610997,0.3587079504566504,0.01,23.399845304228357,28.00939716507238,22.865546218487392,23.873949579831933,504.20168067226984,4.501679249717687e-05,3.8492609883370767
105,1e-15,2e-17,0.6,2.0,30,50.0,627.2512212610997,0.3587079504566504,0.01,22.64515165833653,27.887004615451467,22.081232492997195,23.14565826330532,532.2128851540623,2.295603808142713e-05,3.8492609883370767
105,1.584893192461111e-15,2e-17,0.6,2.0,30,50.0,627.2512212610997,0.3587079504566504,0.01,21.81700735284838,27.788073811710824,21.218487394957982,22.33893557422969,560.2240896358547,1.2823116167366624e-05,3.8492609883370767
105,2.511886431509582e-15,2e-17,0.6,2.0,30,50.0,627.2512212610997,0.3587079504566504,0.01,21.0103202289888,27.71536384906348,20.389355742296917,21.554621848739494,582.6330532212887,7.937096760528604e-06,3.8492609883370767
105,3.9810717055349695e-15,2e-17,0.6,2.0,30,50.0,627.2512212610997,0.3587079504566504,0.01,20.30547381208933,27.665077218549808,19.649859943977592,20.859943977591033,605.0420168067208,5.454342475935097e-06,3.8492609883370767
105,6.309573444801943e-15,2e-17,0.6,2.0,30,50.0,627.2512212610997,0.3587079504566504,0.01,19.74330894001781,27.631551802570076,19.089635854341736,20.322128851540615,616.2464985994396,4.1267407273121925e-06,3.8492609883370767
105,1e-14,2e-17,0.6,2.0,30,50.0,627.2512212610997,0.3587079504566504,0.01,19.325859737366454,27.609681967092836,18.65266106442577,19.9187675070028,633.0532212885151,3.3841925577504828e-06,3.8492609883370767
110,1e-18,2e-17,0.6,2.0,30,50.0,627.2512212610997,0.3587079504566504,0.01,24.961565654053327,28.4281082564616,24.49019607843137,25.37535014005602,442.5770308123264,10.94217076611593,3.8492609883370767
110,1.5848931924611109e-18,2e-17,0.6,2.0,30,50.0,627.2512212610997,0.3587079504566504,0.01,24.959512689199464,28.427335114209345,24.49019607843137,25.37535014005602,442.5770308123264,4.3583937803663515,3.8492609883370767
110,2.5118864315095718e-18,2e-17,0.6,2.0,30,50.0,627.2512212610997,0.3587079504566504,0.01,24.956258726129665,28.426109432119564,24.49019607843137,25.37535014005602,442.5770308123264,1.7365198223825447,3.8492609883370767
110,3.981071705534985e-18,2e-17,0.6,2.0,30,50.0,627.2512212610997,0.3587079504566504,0.01,24.951100984939306,28.424166055728794,24.49019607843137,25.37535014005602,442.5770308123264,0.6922123771864735,3.8492609883370767
110,6.309573444801943e-18,2e-17,0.6,2.0,30,50.0,627.2512212610997,0.3587079504566504,0.01,24.94292522773253,28.421084151174885,24.45658263305322,25.341736694677866,442.57703081232455,0.27613760457795666,3.8492609883370767
110,1e-17,2e-17,0.6,2.0,30,50.0,627.2512212610997,0.3587079504566504,0.01,24.929964730724418,28.416195590233517,24.445378151260503,25.341736694677866,448.179271708683,0.11028799067391833,3.8492609883370767
110,1.584893192461111e-17,2e-17,0.6,2.0,30,50.0,627.2512212610997,0.3587079504566504,0.01,24.90941844362077,28.408439893073407,24.434173669467786,25.33053221288515,448.179271708683,0.044131295754214046,3.8492609883370767
110,2.5118864315095718e-17,2e-17,0.6,2.0,30,50.0,627.2512212610997,0.3587079504566504,0.01,24.876848298601463,28.396137537097978,24.400560224089634,25.285714285714285,442.57703081232455,0.017711328064501736,3.8492609883370767
110,3.9810717055349855e-17,2e-17,0.6,2.0,30,50.0,627.2512212610997,0.3587079504566504,0.01,24.825238123210422,28.37664945547067,24.34453781512605,25.240896358543417,448.179271708683,0.007141287258568207,3.8492609883370767
110,6.309573444801943e-17,2e-17,0.6,2.0,30,50.0,627.2512212610997,0.3587079504566504,0.01,24.743566295594068,28.34592234441409,24.26610644257703,25.173669467787114,453.7815126050415,0.0029004291789715957,3.8492609883370767
110,1e-16,2e-17,0.6,2.0,30,50.0,627.2512212610997,0.3587079504566504,0.01,24.614802120610648,28.2980954807486,24.120448179271705,25.03921568627451,459.3837535014019,0.0011913868240028141,3.8492609883370767
110,1.5848931924611109e-16,2e-17,0.6,2.0,30,50.0,627.2512212610997,0.3587079504566504,0.01,24.4136610189102,28.22591453273462,24.8375350140056,24.848739495798316,5.60224089635849,0.0004979273686335036,3.8492609883370767
110,2.511886431509582e-16,2e-17,0.6,2.0,30,50.0,627.2512212610997,0.3587079504566504,0.01,24.105910409270734,28.123678602841263,23.60504201680672,24.557422969187677,476.1904761904774,0.00021360488073294341,3.8492609883370767
110,3.9810717055349695e-16,2e-17,0.6,2.0,30,50.0,627.2512212610997,0.3587079504566504,0.01,23.65399459473189,27.993722050134995,23.134453781512605,24.13165266106442,498.59943977590945,9.520783728146203e-05,3.8492609883370767
110,6.309573444801943e-16,2e-17,0.6,2.0,30,50.0,627.2512212610997,0.3587079504566504,0.01,23.034978311595324,27.851138293801284,22.49579831932773,23.5266106442577,515.4061624649868,4.47882211339182e-05,3.8492609883370767
110,1e-15,2e-17,0.6,2.0,30,50.0,627.2512212610997,0.3587079504566504,0.01,22.266556833972672,27.717561866843255,21.711484593837532,22.787114845938373,537.8151260504208,2.2643175992277717e-05,3.8492609883370767
110,1.584893192461111e-15,2e-17,0.6,2.0,30,50.0,627.2512212610997,0.3587079504566504,0.01,21.417778702832845,27.608377004263627,20.826330532212882,21.95798319327731,565.8263305322132,1.2519330821664613e-05,3.8492609883370767
110,2.511886431509582e-15,2e-17,0.6,2.0,30,50.0,627.2512212610997,0.3587079504566504,0.01,20.585895476110135,27.527530259615215,19.974789915966387,21.15126050420168,588.2352941176472,7.663824842487448e-06,3.8492609883370767
110,3.9810717055349695e-15,2e-17,0.6,2.0,30,50.0,627.2512212610997,0.3587079504566504,0.01,19.855194220033965,27.471360706287594,19.22408963585434,20.434173669467786,605.0420168067226,5.210190868662595e-06,3.8492609883370767
110,6.309573444801943e-15,2e-17,0.6,2.0,30,50.0,627.2512212610997,0.3587079504566504,0.01,19.269923380418405,27.433812377324223,18.596638655462183,19.8515406162465,627.4509803921585,3.904891172025841e-06,3.8492609883370767
110,1e-14,2e-17,0.6,2.0,30,50.0,627.2512212610997,0.3587079504566504,0.01,18.83389720516817,27.4092795147324,18.159663865546218,19.425770308123248,633.0532212885151,3.1779785614255192e-06,3.8492609883370767
115,1e-18,2e-17,0.6,2.0,30,50.0,627.2512212610997,0.3587079504566504,0.01,24.60968736015905,28.29439100730215,24.120448179271705,25.03921568627451,459.3837535014019,10.727857950457933,3.8492609883370767
115,1.5848931924611109e-18,2e-17,0.6,2.0,30,50.0,627.2512212610997,0.3587079504566504,0.01,24.607631247758672,28.293593015642934,24.120448179271705,25.03921568627451,459.3837535014019,4.272930939218774,3.8492609883370767
115,2.5118864315095718e-18,2e-17,0.6,2.0,30,50.0,627.2512212610997,0.3587079504566504,0.01,24.604372372747818,28.292327968151817,24.109243697478988,25.028011204481793,459.3837535014019,1.7024059406733434,3.8492609883370767
115,3.981071705534985e-18,2e-17,0.6,2.0,30,50.0,627.2512212610997,0.3587079504566504,0.01,24.599207036639612,28.290322245576885,24.109243697478988,25.028011204481793,459.3837535014019,0.6785742372525306,3.8492609883370767
115,6.309573444801943e-18,2e-17,0.6,2.0,30,50.0,627.2512212610997,0.3587079504566504,0.01,24.591019710048105,28.287141630661083,24.109243697478988,25.028011204481793,459.3837535014019,0.27067204847577014,3.8492609883370767
115,1e-17,2e-17,0.6,2.0,30,50.0,627.2512212610997,0.3587079504566504,0.01,24.578042014310583,28.282096847039526,24.09803921568627,25.016806722689076,459.3837535014019,0.10808927679436668,3.8492609883370767
115,1.584893192461111e-17,2e-17,0.6,2.0,30,50.0,627.2512212610997,0.3587079504566504,0.01,24.557471179119723,28.274093984342613,24.06442577030812,24.983193277310924,459.3837535014019,0.04324151303872366,3.8492609883370767
115,2.5118864315095718e-17,2e-17,0.6,2.0,30,50.0,627.2512212610997,0.3587079504566504,0.01,24.524868360765982,28.261400479537972,24.042016806722685,24.971988795518207,464.9859943977604,0.017347926297160202,3.8492609883370767
115,3.9810717055349855e-17,2e-17,0.6,2.0,30,50.0,627.2512212610997,0.3587079504566504,0.01,24.47321984709144,28.24129204369447,23.9859943977591,24.91596638655462,464.9859943977585,0.0069907768033242125,3.8492609883370767
115,6.309573444801943e-17,2e-17,0.6,2.0,30,50.0,627.2512212610997,0.3587079504566504,0.01,24.391512750302386,28.20957399053387,23.88515406162465,24.826330532212882,470.588235294117,0.002836776702413252,3.8492609883370767
115,1e-16,2e-17,0.6,2.0,30,50.0,627.2512212610997,0.3587079504566504,0.01,24.26272724005835,28.160136962159505,23.761904761904763,24.71428571428571,476.19047619047547,0.0011636409313349626,3.8492609883370767
115,1.5848931924611109e-16,2e-17,0.6,2.0,30,50.0,627.2512212610997,0.3587079504566504,0.01,24.0615443700736,28.08526657247033,23.549019607843135,24.512605042016805,481.79271708683393,0.00048531392948870743,3.8492609883370767
115,2.511886431509582e-16,2e-17,0.6,2.0,30,50.0,627.2512212610997,0.3587079504566504,0.01,23.75346088993378,27.978471567250192,24.198879551820728,24.210084033613445,5.60224089635849,0.00020754438644656528,3.8492609883370767
115,3.9810717055349695e-16,2e-17,0.6,2.0,30,50.0,627.2512212610997,0.3587079504566504,0.01,23.299966208217995,27.841176535464076,22.742296918767504,23.77310924369748,515.4061624649868,9.208964555032087e-05,3.8492609883370767
115,6.309573444801943e-16,2e-17,0.6,2.0,30,50.0,627.2512212610997,0.3587079504566504,0.01,22.67608017648936,27.6884091044285,22.092436974789912,23.15686274509804,532.2128851540623,4.3051823226986523e-05,3.8492609883370767
115,1e-15,2e-17,0.6,2.0,30,50.0,627.2512212610997,0.3587079504566504,0.01,21.897053306485958,27.5433265048517,21.296918767506998,22.406162464985993,554.6218487394963,2.158966009041979e-05,3.8492609883370767
115,1.584893192461111e-15,2e-17,0.6,2.0,30,50.0,627.2512212610997,0.3587079504566504,0.01,21.031070939045474,27.4234595698932,20.434173669467786,21.588235294117645,577.0308123249301,1.1821453643339828e-05,3.8492609883370767
115,2.511886431509582e-15,2e-17,0.6,2.0,30,50.0,627.2512212610997,0.3587079504566504,0.01,20.177260085737533,27.334062862222208,19.560224089635852,20.75910364145658,599.4397759103641,7.160390650445062e-06,3.8492609883370767
115,3.9810717055349695e-15,2e-17,0.6,2.0,30,50.0,627.2512212610997,0.3587079504566504,0.01,19.423462542188616,27.271679750960626,18.75350140056022,19.9859943977591,616.2464985994396,4.817518645579149e-06,3.8492609883370767
115,6.309573444801943e-15,2e-17,0.6,2.0,30,50.0,627.2512212610997,0.3587079504566504,0.01,18.817198228724894,27.229870243658556,18.1484593837535,19.41456582633053,633.0532212885151,3.57735829092333e-06,3.8492609883370767
115,1e-14,2e-17,0.6,2.0,30,50.0,627.2512212610997,0.3587079504566504,0.01,18.36410039792177,27.202512228129184,17.6890756302521,18.988795518207283,649.8599439775925,2.8896561169900927e-06,3.8492609883370767
120,1e-18,2e-17,0.6,2.0,30,50.0,627.2512212610997,0.3587079504566504,0.01,24.2577444671235,28.156516846031252,23.761904761904763,24.71428571428571,476.19047619047547,10.885655490562336,3.8492609883370767
120,1.5848931924611109e-18,2e-17,0.6,2.0,30,50.0,627.2512212610997,0.3587079504566504,0.01,24.255688478628585,28.15569777331777,23.761904761904763,24.71428571428571,476.19047619047547,4.335689158061231,3.8492609883370767
120,2.5118864315095718e-18,2e-17,0.6,2.0,30,50.0,627.2512212610997,0.3587079504566504,0.01,24.252429872189197,28.154399330941075,23.761904761904763,24.71428571428571,476.19047619047547,1.7273512165549618,3.8492609883370767
120,3.981071705534985e-18,2e-17,0.6,2.0,30,50.0,627.2512212610997,0.3587079504566504,0.01,24.247265140938563,28.15234071997307,23.728291316526608,24.68067226890756,476.1904761904774,0.688480353478693,3.8492609883370767
120,6.309573444801943e-18,2e-17,0.6,2.0,30,50.0,627.2512212610997,0.3587079504566504,0.01,24.239079214623622,28.149076372110077,23.728291316526608,24.68067226890756,476.1904761904774,0.27460008099951116,3.8492609883370767
120,1e-17,2e-17,0.6,2.0,30,50.0,627.2512212610997,0.3587079504566504,0.01,24.22610481396402,28.14389907275514,23.71708683473389,24.669467787114844,476.1904761904774,0.10964314162034727,3.8492609883370767
120,1.584893192461111e-17,2e-17,0.6,2.0,30,50.0,627.2512212610997,0.3587079504566504,0.01,24.205541771261046,28.13568654029644,23.705882352941174,24.669467787114844,481.79271708683586,0.04385383286796685,3.8492609883370767
120,2.5118864315095718e-17,2e-17,0.6,2.0,30,50.0,627.2512212610997,0.3587079504566504,0.01,24.17295724294357,28.12266111893039,23.661064425770306,24.62464985994398,481.79271708683586,0.017587699543579003,3.8492609883370767
120,3.9810717055349855e-17,2e-17,0.6,2.0,30,50.0,627.2512212610997,0.3587079504566504,0.01,24.121350647936488,28.102025712517882,23.60504201680672,24.568627450980394,481.79271708683586,0.007083680991349384,3.8492609883370767
120,6.309573444801943e-17,2e-17,0.6,2.0,30,50.0,627.2512212610997,0.3587079504566504,0.01,24.039734991859184,28.069463424528315,23.53781512605042,24.501400560224088,481.79271708683393,0.002872122624730843,3.8492609883370767
120,1e-16,2e-17,0.6,2.0,30,50.0,627.2512212610997,0.3587079504566504,0.01,23.911130417588197,28.018644877984258,23.38095238095238,24.366946778711483,492.9971988795509,0.0011766475243727402,3.8492609883370767
120,1.5848931924611109e-16,2e-17,0.6,2.0,30,50.0,627.2512212610997,0.3587079504566504,0.01,23.710237378987017,27.941432868695056,23.19047619047619,24.18767507002801,498.5994397759113,0.0004897898941388086,3.8492609883370767
120,2.511886431509582e-16,2e-17,0.6,2.0,30,50.0,627.2512212610997,0.3587079504566504,0.01,23.402386213653152,27.8305692970598,22.854341736694675,23.873949579831933,509.8039215686283,0.00020885316994207932,3.8492609883370767
120,3.9810717055349695e-16,2e-17,0.6,2.0,30,50.0,627.2512212610997,0.3587079504566504,0.01,22.94829076593344,27.686508610602356,22.38375350140056,23.436974789915965,526.6106442577038,9.228199227740328e-05,3.8492609883370767
120,6.309573444801943e-16,2e-17,0.6,2.0,30,50.0,627.2512212610997,0.3587079504566504,0.01,22.321125015359772,27.52402537412894,21.73389355742297,22.820728291316524,543.4173669467773,4.2890844428894286e-05,3.8492609883370767
120,1e-15,2e-17,0.6,2.0,30,50.0,627.2512212610997,0.3587079504566504,0.01,21.533723630462465,27.367633625265647,20.949579831932773,22.081232492997195,565.8263305322113,2.1345522769340267e-05,3.8492609883370767
120,1.584893192461111e-15,2e-17,0.6,2.0,30,50.0,627.2512212610997,0.3587079504566504,0.01,20.65314611729221,27.237033148735033,20.042016806722685,21.207282913165265,582.6330532212887,1.1580492196313301e-05,3.8492609883370767
120,2.511886431509582e-15,2e-17,0.6,2.0,30,50.0,627.2512212610997,0.3587079504566504,0.01,19.77998414053184,27.138920137448903,19.15686274509804,20.366946778711483,605.0420168067226,6.943585859279032e-06,3.8492609883370767
120,3.9810717055349695e-15,2e-17,0.6,2.0,30,50.0,627.2512212610997,0.3587079504566504,0.01,19.005303904778753,27.070147005322646,18.361344537815125,19.60504201680672,621.8487394957981,4.624774868272313e-06,3.8492609883370767
120,6.309573444801943e-15,2e-17,0.6,2.0,30,50.0,627.2512212610997,0.3587079504566504,0.01,18.379753099206194,27.023932961169738,17.711484593837532,18.977591036414566,633.053221288517,3.403306971562207e-06,3.8492609883370767
120,1e-14,2e-17,0.6,2.0,30,50.0,627.2512212610997,0.3587079504566504,0.01,17.910800691606177,26.993646130141062,17.24089635854342,18.52941176470588,644.2577030812301,2.728796689375468e-06,3.8492609883370767
125,1e-18,2e-17,0.6,2.0,30,50.0,627.2512212610997,0.3587079504566504,0.01,23.906277528350067,28.015104622949963,23.38095238095238,24.366946778711483,492.9971988795509,10.686975191748099,3.8492609883370767
125,1.5848931924611109e-18,2e-17,0.6,2.0,30,50.0,627.2512212610997,0.3587079504566504,0.01,23.904228330848248,28.014263241156396,23.38095238095238,24.366946778711483,492.9971988795509,4.256471848703114,3.8492609883370767
125,2.5118864315095718e-18,2e-17,0.6,2.0,30,50.0,627.2512212610997,0.3587079504566504,0.01,23.900980549783828,28.012929459060228,23.38095238095238,24.355742296918766,487.39495798319246,1.695737690620051,3.8492609883370767
125,3.981071705534985e-18,2e-17,0.6,2.0,30,50.0,627.2512212610997,0.3587079504566504,0.01,23.895833130306485,28.010814881314953,23.369747899159663,24.355742296918766,492.9971988795509,0.6758464456188041,3.8492609883370767
125,6.309573444801943e-18,2e-17,0.6,2.0,30,50.0,627.2512212610997,0.3587079504566504,0.01,23.887675022115136,28.007461932793877,23.369747899159663,24.355742296918766,492.9971988795509,0.2695398948415555,3.8492609883370767
125,1e-17,2e-17,0.6,2.0,30,50.0,627.2512212610997,0.3587079504566504,0.01,23.874745635911122,28.002144435859726,23.358543417366946,24.34453781512605,492.9971988795509,0.10760933920131202,3.8492609883370767
125,1.584893192461111e-17,2e-17,0.6,2.0,30,50.0,627.2512212610997,0.3587079504566504,0.01,23.854256140141523,27.993710160289893,23.32492997198879,24.310924369747898,492.99719887955285,0.04303194168541961,3.8492609883370767
125,2.5118864315095718e-17,2e-17,0.6,2.0,30,50.0,627.2512212610997,0.3587079504566504,0.01,23.821793237363508,27.980334014089546,23.302521008403357,24.29971988795518,498.5994397759113,0.017252749984892193,3.8492609883370767
125,3.9810717055349855e-17,2e-17,0.6,2.0,30,50.0,627.2512212610997,0.3587079504566504,0.01,23.770390292204024,27.95914291051446,23.246498599439775,24.243697478991596,498.5994397759113,0.006945407439555748,3.8492609883370767
125,6.309573444801943e-17,2e-17,0.6,2.0,30,50.0,627.2512212610997,0.3587079504566504,0.01,23.689117872649753,27.92569444905048,23.14565826330532,24.15406162464986,504.20168067226984,0.002813927166786709,3.8492609883370767
125,1e-16,2e-17,0.6,2.0,30,50.0,627.2512212610997,0.3587079504566504,0.01,23.561084048442762,27.873439202203908,23.022408963585434,24.042016806722685,509.8039215686264,0.0011514548119369175,3.8492609883370767
125,1.5848931924611109e-16,2e-17,0.6,2.0,30,50.0,627.2512212610997,0.3587079504566504,0.01,23.361081927734787,27.79382849549814,22.809523809523807,23.829131652661065,509.8039215686283,0.0004784444282600235,3.8492609883370767
125,2.511886431509582e-16,2e-17,0.6,2.0,30,50.0,627.2512212610997,0.3587079504566504,0.01,23.054388405150572,27.678863443112068,23.53781512605042,23.549019607843135,5.60224089635849,0.00020346749926268115,3.8492609883370767
125,3.9810717055349695e-16,2e-17,0.6,2.0,30,50.0,627.2512212610997,0.3587079504566504,0.01,22.601101870562104,27.52803029747949,22.02521008403361,23.100840336134453,537.8151260504208,8.955106428048173e-05,3.8492609883370767
125,6.309573444801943e-16,2e-17,0.6,2.0,30,50.0,627.2512212610997,0.3587079504566504,0.01,21.972700545822992,27.35576770805232,21.397759103641455,22.507002801120446,554.6218487394943,4.1394785053489715e-05,3.8492609883370767
125,1e-15,2e-17,0.6,2.0,30,50.0,627.2512212610997,0.3587079504566504,0.01,21.179583438719497,27.18785269173029,20.568627450980394,21.722689075630253,577.0308123249301,2.045338166073558e-05,3.8492609883370767
125,1.584893192461111e-15,2e-17,0.6,2.0,30,50.0,627.2512212610997,0.3587079504566504,0.01,20.287399221064263,27.046183818169244,19.649859943977592,20.8375350140056,593.8375350140037,1.099963697253167e-05,3.8492609883370767
125,2.511886431509582e-15,2e-17,0.6,2.0,30,50.0,627.2512212610997,0.3587079504566504,0.01,19.397791269453393,26.939005508291398,18.742296918767504,19.974789915966387,616.2464985994396,6.531366483588499e-06,3.8492609883370767
125,3.9810717055349695e-15,2e-17,0.6,2.0,30,50.0,627.2512212610997,0.3587079504566504,0.01,18.60472135973958,26.863552253284578,17.935574229691877,19.201680672268907,633.0532212885151,4.307901180773637e-06,3.8492609883370767
125,6.309573444801943e-15,2e-17,0.6,2.0,30,50.0,627.2512212610997,0.3587079504566504,0.01,17.96181990821892,26.81272060131662,17.27450980392157,18.56302521008403,644.2577030812301,3.142190738578455e-06,3.8492609883370767
125,1e-14,2e-17,0.6,2.0,30,50.0,627.2512212610997,0.3587079504566504,0.01,17.478407714473516,26.77935857429285,16.781512605042014,18.092436974789916,655.462184873951,2.5011087202313454e-06,3.8492609883370767
130,1e-18,2e-17,0.6,2.0,30,50.0,627.2512212610997,0.3587079504566504,0.01,23.556355406127967,27.869971769306318,23.022408963585434,23.03361344537815,5.60224089635849,10.82861499325628,3.8492609883370767
130,1.5848931924611109e-18,2e-17,0.6,2.0,30,50.0,627.2512212610997,0.3587079504566504,0.01,23.554315513401203,27.869111596410253,23.022408963585434,24.03081232492997,504.2016806722679,4.312805986438867,3.8492609883370767
130,2.5118864315095718e-18,2e-17,0.6,2.0,30,50.0,627.2512212610997,0.3587079504566504,0.01,23.55108253762806,27.867748048363442,23.022408963585434,24.03081232492997,504.2016806722679,1.7181308194991634,3.8492609883370767
130,3.981071705534985e-18,2e-17,0.6,2.0,30,50.0,627.2512212610997,0.3587079504566504,0.01,23.545958727417865,27.865586333023952,23.022408963585434,24.03081232492997,504.2016806722679,0.6847399006143133,3.8492609883370767
130,6.309573444801943e-18,2e-17,0.6,2.0,30,50.0,627.2512212610997,0.3587079504566504,0.01,23.537838393239674,27.86215876549101,23.011204481792717,24.03081232492997,509.8039215686264,0.27306691044008063,3.8492609883370767
130,1e-17,2e-17,0.6,2.0,30,50.0,627.2512212610997,0.3587079504566504,0.01,23.524969740877193,27.856723201110995,22.977591036414566,23.997198879551817,509.8039215686264,0.10900490721076381,3.8492609883370767
130,1.584893192461111e-17,2e-17,0.6,2.0,30,50.0,627.2512212610997,0.3587079504566504,0.01,23.504578567827878,27.848102182918904,22.96638655462185,23.9859943977591,509.8039215686264,0.04358210124585451,3.8492609883370767
130,2.5118864315095718e-17,2e-17,0.6,2.0,30,50.0,627.2512212610997,0.3587079504566504,0.01,23.472276258225357,27.834430600302895,22.921568627450977,23.941176470588236,509.8039215686283,0.01746832513753367,3.8492609883370767
130,3.9810717055349855e-17,2e-17,0.6,2.0,30,50.0,627.2512212610997,0.3587079504566504,0.01,23.421138148124925,27.812770966479786,22.865546218487392,23.88515406162465,509.8039215686283,0.007029030652101652,3.8492609883370767
130,6.309573444801943e-17,2e-17,0.6,2.0,30,50.0,627.2512212610997,0.3587079504566504,0.01,23.340305145291694,27.77857331057714,22.79831932773109,23.829131652661065,515.4061624649868,0.0028458071234930523,3.8492609883370767
130,1e-16,2e-17,0.6,2.0,30,50.0,627.2512212610997,0.3587079504566504,0.01,23.212994733451815,27.725095183971575,22.663865546218485,23.705882352941174,521.0084033613434,0.0011632324489637374,3.8492609883370767
130,1.5848931924611109e-16,2e-17,0.6,2.0,30,50.0,627.2512212610997,0.3587079504566504,0.01,23.01413250325493,27.643413288114328,22.45098039215686,23.504201680672267,526.6106442577038,0.0004825327996605321,3.8492609883370767
130,2.511886431509582e-16,2e-17,0.6,2.0,30,50.0,627.2512212610997,0.3587079504566504,0.01,22.70902149535676,27.52481930816949,23.201680672268907,23.212885154061624,5.60224089635849,0.00020469259466467817,3.8492609883370767
130,3.9810717055349695e-16,2e-17,0.6,2.0,30,50.0,627.2512212610997,0.3587079504566504,0.01,22.257290983536976,27.367797387712713,21.666666666666664,22.76470588235294,549.0196078431377,8.976112015524651e-05,3.8492609883370767
130,6.309573444801943e-16,2e-17,0.6,2.0,30,50.0,627.2512212610997,0.3587079504566504,0.01,21.628908017796064,27.186289590676026,21.028011204481793,22.159663865546218,565.8263305322132,4.1279522182434455e-05,3.8492609883370767
130,1e-15,2e-17,0.6,2.0,30,50.0,627.2512212610997,0.3587079504566504,0.01,20.831902839484446,27.00715270461259,20.198879551820728,21.364145658263304,582.6330532212887,2.0258311213967033e-05,3.8492609883370767
130,1.584893192461111e-15,2e-17,0.6,2.0,30,50.0,627.2512212610997,0.3587079504566504,0.01,19.93032192113313,26.85446270167358,19.302521008403357,20.501400560224088,599.4397759103641,1.0804155755875481e-05,3.8492609883370767
130,2.511886431509582e-15,2e-17,0.6,2.0,30,50.0,627.2512212610997,0.3587079504566504,0.01,19.026505643715453,26.738124227748013,18.38375350140056,19.61624649859944,616.2464985994416,6.355509314880362e-06,3.8492609883370767
130,3.9810717055349695e-15,2e-17,0.6,2.0,30,50.0,627.2512212610997,0.3587079504566504,0.01,18.21700407404562,26.65586055909508,17.554621848739494,18.820728291316527,633.053221288517,4.152341604178428e-06,3.8492609883370767
130,6.309573444801943e-15,2e-17,0.6,2.0,30,50.0,627.2512212610997,0.3587079504566504,0.01,17.55828260947254,26.600296820453806,16.871148459383754,18.159663865546218,644.257703081233,3.002589355791268e-06,3.8492609883370767
130,1e-14,2e-17,0.6,2.0,30,50.0,627.2512212610997,0.3587079504566504,0.01,17.061512832970323,26.56377395560898,16.3781512605042,17.6890756302521,655.462184873949,2.372830823792671e-06,3.8492609883370767
135,1e-18,2e-17,0.6,2.0,30,50.0,627.2512212610997,0.3587079504566504,0.01,23.20838893295279,27.7216965984076,22.663865546218485,23.705882352941174,521.0084033613434,10.642974318541494,3.8492609883370767
135,1.5848931924611109e-18,2e-17,0.6,2.0,30,50.0,627.2512212610997,0.3587079504566504,0.01,23.206363804833572,27.720816628960137,22.663865546218485,23.705882352941174,521.0084033613434,4.238797147229053,3.8492609883370767
135,2.5118864315095718e-18,2e-17,0.6,2.0,30,50.0,627.2512212610997,0.3587079504566504,0.01,23.20315427898656,27.719421722712724,22.663865546218485,23.705882352941174,521.0084033613434,1.6886017480507964,3.8492609883370767
135,3.981071705534985e-18,2e-17,0.6,2.0,30,50.0,627.2512212610997,0.3587079504566504,0.01,23.19806775737186,27.717210349696018,22.663865546218485,23.705882352941174,521.0084033613434,0.6729427305154544,3.8492609883370767
135,6.309573444801943e-18,2e-17,0.6,2.0,30,50.0,627.2512212610997,0.3587079504566504,0.01,23.190006824051075,27.713704178739075,22.630252100840337,23.672268907563023,521.0084033613434,0.268344198291837,3.8492609883370767
135,1e-17,2e-17,0.6,2.0,30,50.0,627.2512212610997,0.3587079504566504,0.01,23.17723304979177,27.708144260048194,22.61904761904762,23.661064425770306,521.0084033613434,0.107108216462188,3.8492609883370767
135,1.584893192461111e-17,2e-17,0.6,2.0,30,50.0,627.2512212610997,0.3587079504566504,0.01,23.156993991783295,27.699326620232483,22.607843137254903,23.64985994397759,521.0084033613434,0.042816545344830176,3.8492609883370767
135,2.5118864315095718e-17,2e-17,0.6,2.0,30,50.0,627.2512212610997,0.3587079504566504,0.01,23.12493675443712,27.68534421372073,22.563025210084035,23.616246498599438,526.6106442577019,0.01715691548893993,3.8492609883370767
135,3.9810717055349855e-17,2e-17,0.6,2.0,30,50.0,627.2512212610997,0.3587079504566504,0.01,23.07419555405087,27.663192546699378,22.507002801120446,23.560224089635852,526.6106442577038,0.006900838568925988,3.8492609883370767
135,6.309573444801943e-17,2e-17,0.6,2.0,30,50.0,627.2512212610997,0.3587079504566504,0.01,22.99400723409503,27.628211372008955,22.439775910364144,23.49299719887955,526.6106442577038,0.0027920813544897957,3.8492609883370767
135,1e-16,2e-17,0.6,2.0,30,50.0,627.2512212610997,0.3587079504566504,0.01,22.86773715725218,27.573465257962177,22.30532212885154,23.38095238095238,537.8151260504208,0.0011401151497753437,3.8492609883370767
135,1.5848931924611109e-16,2e-17,0.6,2.0,30,50.0,627.2512212610997,0.3587079504566504,0.01,22.670501691427507,27.48966657086807,23.15686274509804,23.168067226890756,5.60224089635849,0.0004722084982031646,3.8492609883370767
135,2.511886431509582e-16,2e-17,0.6,2.0,30,50.0,627.2512212610997,0.3587079504566504,0.01,22.367720208445657,27.367424576878236,22.87675070028011,22.887955182072826,5.60224089635849,0.0001998446132107741,3.8492609883370767
135,3.9810717055349695e-16,2e-17,0.6,2.0,30,50.0,627.2512212610997,0.3587079504566504,0.01,21.918685722233917,27.204237006965297,21.330532212885156,22.45098039215686,560.2240896358528,8.733516954835642e-05,3.8492609883370767
135,6.309573444801943e-16,2e-17,0.6,2.0,30,50.0,627.2512212610997,0.3587079504566504,0.01,21.291994719623926,27.0134872357504,20.691876750700278,21.84593837535014,577.0308123249301,3.9970408183247665e-05,3.8492609883370767
135,1e-15,2e-17,0.6,2.0,30,50.0,627.2512212610997,0.3587079504566504,0.01,20.493325413537683,26.823009070144874,19.862745098039216,21.03921568627451,588.2352941176472,1.9490107494724884e-05,3.8492609883370767
135,1.584893192461111e-15,2e-17,0.6,2.0,30,50.0,627.2512212610997,0.3587079504566504,0.01,19.584904800787065,26.659052136682607,18.943977591036415,20.165266106442573,610.6442577030792,1.0312046939452043e-05,3.8492609883370767
135,2.511886431509582e-15,2e-17,0.6,2.0,30,50.0,627.2512212610997,0.3587079504566504,0.01,18.66941355731573,26.53326977054667,18.0140056022409,19.26890756302521,627.4509803921547,6.011649446429103e-06,3.8492609883370767
135,3.9810717055349695e-15,2e-17,0.6,2.0,30,50.0,627.2512212610997,0.3587079504566504,0.01,17.84568740198358,26.443948540552984,17.173669467787114,18.462184873949578,644.2577030812321,3.891687563465661e-06,3.8492609883370767
135,6.309573444801943e-15,2e-17,0.6,2.0,30,50.0,627.2512212610997,0.3587079504566504,0.01,17.172880652046366,26.38346707052241,16.478991596638654,17.778711484593835,649.8599439775896,2.790321027756568e-06,3.8492609883370767
135,1e-14,2e-17,0.6,2.0,30,50.0,627.2512212610997,0.3587079504566504,0.01,16.66401503150485,26.343654422702656,15.974789915966385,17.296918767507005,661.0644257703094,2.1894541567375523e-06,3.8492609883370767
140,1e-18,2e-17,0.6,2.0,30,50.0,627.2512212610997,0.3587079504566504,0.01,22.863249257648214,27.570130552964276,22.30532212885154,23.369747899159663,532.2128851540623,10.770491767120234,3.8492609883370767
140,1.5848931924611109e-18,2e-17,0.6,2.0,30,50.0,627.2512212610997,0.3587079504566504,0.01,22.86124070255797,27.56923407450069,22.30532212885154,23.369747899159663,532.2128851540623,4.289515740971632,3.8492609883370767
140,2.5118864315095718e-18,2e-17,0.6,2.0,30,50.0,627.2512212610997,0.3587079504566504,0.01,22.858057489059096,27.567813018671853,22.30532212885154,23.369747899159663,532.2128851540623,1.7087634992777792,3.8492609883370767
140,3.981071705534985e-18,2e-17,0.6,2.0,30,50.0,627.2512212610997,0.3587079504566504,0.01,22.85301278345059,27.565560238627903,22.30532212885154,23.369747899159663,532.2128851540623,0.6809505195630506,3.8492609883370767
140,6.309573444801943e-18,2e-17,0.6,2.0,30,50.0,627.2512212610997,0.3587079504566504,0.01,22.845018403912803,27.561988529475233,22.27170868347339,23.336134453781515,532.2128851540623,0.2715203079534698,3.8492609883370767
140,1e-17,2e-17,0.6,2.0,30,50.0,627.2512212610997,0.3587079504566504,0.01,22.832350790249578,27.556324935490274,22.26050420168067,23.336134453781515,537.8151260504208,0.10836515358845804,3.8492609883370767
140,1.584893192461111e-17,2e-17,0.6,2.0,30,50.0,627.2512212610997,0.3587079504566504,0.01,22.81228160257328,27.54734337819251,22.249299719887954,23.32492997198879,537.8151260504188,0.04331219310583254,3.8492609883370767
140,2.5118864315095718e-17,2e-17,0.6,2.0,30,50.0,627.2512212610997,0.3587079504566504,0.01,22.780497298327404,27.533101806451157,22.204481792717086,23.280112044817926,537.8151260504188,0.017351221723565156,3.8492609883370767
140,3.9810717055349855e-17,2e-17,0.6,2.0,30,50.0,627.2512212610997,0.3587079504566504,0.01,22.730196606321208,27.510539548819406,22.1484593837535,23.22408963585434,537.8151260504188,0.006976272174612923,3.8492609883370767
140,6.309573444801943e-17,2e-17,0.6,2.0,30,50.0,627.2512212610997,0.3587079504566504,0.01,22.650721198985497,27.474902857910056,22.081232492997195,23.15686274509804,537.8151260504208,0.0028208809250436706,3.8492609883370767
140,1e-16,2e-17,0.6,2.0,30,50.0,627.2512212610997,0.3587079504566504,0.01,22.525599249639708,27.419088768245423,21.946778711484594,23.044817927170868,549.0196078431377,0.0011507847439511218,3.8492609883370767
140,1.5848931924611109e-16,2e-17,0.6,2.0,30,50.0,627.2512212610997,0.3587079504566504,0.01,22.33016608953797,27.333481106063218,21.756302521008404,22.865546218487392,554.6218487394943,0.00047593511704158116,3.8492609883370767
140,2.511886431509582e-16,2e-17,0.6,2.0,30,50.0,627.2512212610997,0.3587079504566504,0.01,22.030016438142052,27.208042743537444,21.442577030812323,22.563025210084035,560.2240896358547,0.000200980506666491,3.8492609883370767
140,3.9810717055349695e-16,2e-17,0.6,2.0,30,50.0,627.2512212610997,0.3587079504566504,0.01,21.584223955206994,27.039271775626972,20.971988795518207,22.114845938375346,571.4285714285697,8.75490359995373e-05,3.8492609883370767
140,6.309573444801943e-16,2e-17,0.6,2.0,30,50.0,627.2512212610997,0.3587079504566504,0.01,20.960180346995738,26.839859965108495,20.322128851540615,21.49859943977591,588.2352941176472,3.988621015558011e-05,3.8492609883370767
140,1e-15,2e-17,0.6,2.0,30,50.0,627.2512212610997,0.3587079504566504,0.01,20.1613035225353,26.63842914803367,19.515406162464984,20.71428571428571,599.4397759103641,1.9330784600922853e-05,3.8492609883370767
140,1.584893192461111e-15,2e-17,0.6,2.0,30,50.0,627.2512212610997,0.3587079504566504,0.01,19.247871543479818,26.46334351549493,18.596638655462183,19.829131652661065,616.2464985994416,1.015028612374801e-05,3.8492609883370767
140,2.511886431509582e-15,2e-17,0.6,2.0,30,50.0,627.2512212610997,0.3587079504566504,0.01,18.32260627760325,26.328092288072906,17.655462184873947,18.910364145658264,627.4509803921585,5.866250364987961e-06,3.8492609883370767
140,3.9810717055349695e-15,2e-17,0.6,2.0,30,50.0,627.2512212610997,0.3587079504566504,0.01,17.486349226354736,26.23163004988708,16.80392156862745,18.0812324929972,638.6554621848745,3.7637381404572008e-06,3.8492609883370767
140,6.309573444801943e-15,2e-17,0.6,2.0,30,50.0,627.2512212610997,0.3587079504566504,0.01,16.800797771581944,26.166146344289647,16.131652661064425,17.431372549019606,649.8599439775916,2.67621854721071e-06,3.8492609883370767
140,1e-14,2e-17,0.6,2.0,30,50.0,627.2512212610997,0.3587079504566504,0.01,16.280809803488278,26.12297724407121,15.582633053221288,16.893557422969188,655.462184873949,2.08521791729628e-06,3.8492609883370767
145,1e-18,2e-17,0.6,2.0,30,50.0,627.2512212610997,0.3587079504566504,0.01,22.521228141585812,27.41581443238336,21.946778711484594,21.95798319327731,5.60224089635849,10.595859569472553,3.8492609883370767
145,1.5848931924611109e-18,2e-17,0.6,2.0,30,50.0,627.2512212610997,0.3587079504566504,0.01,22.519240556635587,27.414900615780518,21.946778711484594,23.03361344537815,543.4173669467792,4.219903249015254,3.8492609883370767
145,2.5118864315095718e-18,2e-17,0.6,2.0,30,50.0,627.2512212610997,0.3587079504566504,0.01,22.516090617009503,27.413452097411707,21.946778711484594,23.03361344537815,543.4173669467792,1.680993354400452,3.8492609883370767
145,3.981071705534985e-18,2e-17,0.6,2.0,30,50.0,627.2512212610997,0.3587079504566504,0.01,22.51109874213493,27.411155832421514,21.946778711484594,23.03361344537815,543.4173669467792,0.6698590919155937,3.8492609883370767
145,6.309573444801943e-18,2e-17,0.6,2.0,30,50.0,627.2512212610997,0.3587079504566504,0.01,22.503188327435247,27.407515300039492,21.935574229691877,23.03361344537815,549.0196078431377,0.2670820339732206,3.8492609883370767
145,1e-17,2e-17,0.6,2.0,30,50.0,627.2512212610997,0.3587079504566504,0.01,22.49065435505168,27.401742848037543,21.901960784313726,23.0,549.0196078431377,0.10658389960999147,3.8492609883370767
145,1.584893192461111e-17,2e-17,0.6,2.0,30,50.0,627.2512212610997,0.3587079504566504,0.01,22.47079831267022,27.392589230417236,21.89075630252101,22.988795518207283,549.0196078431377,0.04259398748460943,3.8492609883370767
145,2.5118864315095718e-17,2e-17,0.6,2.0,30,50.0,627.2512212610997,0.3587079504566504,0.01,22.43935485559187,27.37807581167785,21.84593837535014,22.943977591036415,549.0196078431377,0.01705954819543374,3.8492609883370767
145,3.9810717055349855e-17,2e-17,0.6,2.0,30,50.0,627.2512212610997,0.3587079504566504,0.01,22.389600731106217,27.355083592945178,21.823529411764707,22.921568627450977,549.0196078431359,0.006856502013566637,3.8492609883370767
145,6.309573444801943e-17,2e-17,0.6,2.0,30,50.0,627.2512212610997,0.3587079504566504,0.01,22.31100278548793,27.318763092001596,21.711484593837532,22.820728291316524,554.6218487394963,0.0027708704013557663,3.8492609883370767
145,1e-16,2e-17,0.6,2.0,30,50.0,627.2512212610997,0.3587079504566504,0.01,22.187282363636857,27.26184389630329,21.588235294117645,22.708683473389353,560.2240896358547,0.001129381214116275,3.8492609883370767
145,1.5848931924611109e-16,2e-17,0.6,2.0,30,50.0,627.2512212610997,0.3587079504566504,0.01,21.994039462710944,27.174390515007328,21.397759103641455,22.518207282913163,560.2240896358528,0.0004664472008088167,3.8492609883370767
145,2.511886431509582e-16,2e-17,0.6,2.0,30,50.0,627.2512212610997,0.3587079504566504,0.01,21.697115153554023,27.045746074586454,22.22689075630252,22.238095238095237,5.60224089635849,0.00019656877359579047,3.8492609883370767
145,3.9810717055349695e-16,2e-17,0.6,2.0,30,50.0,627.2512212610997,0.3587079504566504,0.01,21.25547227036958,26.871434395718953,20.635854341736696,21.801120448179272,582.6330532212887,8.536795607952714e-05,3.8492609883370767
145,6.309573444801943e-16,2e-17,0.6,2.0,30,50.0,627.2512212610997,0.3587079504566504,0.01,20.635425239640515,26.663413818261464,19.997198879551817,21.18487394957983,593.8375350140057,3.8725536677648956e-05,3.8492609883370767
145,1e-15,2e-17,0.6,2.0,30,50.0,627.2512212610997,0.3587079504566504,0.01,19.838173578871004,26.450991055767247,19.179271708683473,20.389355742296917,605.0420168067226,1.8659860445098353e-05,3.8492609883370767
145,1.584893192461111e-15,2e-17,0.6,2.0,30,50.0,627.2512212610997,0.3587079504566504,0.01,18.921887592483092,26.26461304215405,18.249299719887954,19.49299719887955,621.8487394957981,9.72703110692257e-06,3.8492609883370767
145,2.511886431509582e-15,2e-17,0.6,2.0,30,50.0,627.2512212610997,0.3587079504566504,0.01,17.98902765534983,26.119672929369177,17.330532212885156,18.596638655462183,633.0532212885132,5.574843402875284e-06,3.8492609883370767
145,3.9810717055349695e-15,2e-17,0.6,2.0,30,50.0,627.2512212610997,0.3587079504566504,0.01,17.142166873350266,26.015865968626766,16.467787114845937,17.7563025210084,644.2577030812312,3.545799657850642e-06,3.8492609883370767
145,6.309573444801943e-15,2e-17,0.6,2.0,30,50.0,627.2512212610997,0.3587079504566504,0.01,16.44540305070917,25.945222716679073,15.750700280112044,17.061624649859944,655.46218487395,2.500765135871647e-06,3.8492609883370767
145,1e-14,2e-17,0.6,2.0,30,50.0,627.2512212610997,0.3587079504566504,0.01,15.915417151930903,25.89858646821501,15.224089635854341,16.546218487394956,661.0644257703076,1.9350299375351827e-06,3.8492609883370767
150,1e-18,2e-17,0.6,2.0,30,50.0,627.2512212610997,0.3587079504566504,0.01,22.18302353023688,27.258626477291905,21.588235294117645,22.697478991596636,554.6218487394963,10.7108864533329,3.8492609883370767
150,1.5848931924611109e-18,2e-17,0.6,2.0,30,50.0,627.2512212610997,0.3587079504566504,0.01,22.181058097613878,27.257698394765704,21.588235294117645,22.697478991596636,554.6218487394963,4.26565462415082,3.8492609883370767
150,2.5118864315095718e-18,2e-17,0.6,2.0,30,50.0,627.2512212610997,0.3587079504566504,0.01,22.177943302283737,27.256227281287387,21.588235294117645,22.697478991596636,554.6218487394963,1.6991810087752595,3.8492609883370767
150,3.981071705534985e-18,2e-17,0.6,2.0,30,50.0,627.2512212610997,0.3587079504566504,0.01,22.17300721461653,27.25389524144066,21.588235294117645,22.697478991596636,554.6218487394963,0.6770831203943773,3.8492609883370767
150,6.309573444801943e-18,2e-17,0.6,2.0,30,50.0,627.2512212610997,0.3587079504566504,0.01,22.165185430994036,27.250198094808198,21.577030812324928,22.697478991596636,560.2240896358547,0.2699474777033504,3.8492609883370767
150,1e-17,2e-17,0.6,2.0,30,50.0,627.2512212610997,0.3587079504566504,0.01,22.15279244852812,27.244336107985397,21.577030812324928,22.68627450980392,554.6218487394963,0.10771801675283049,3.8492609883370767
150,1.584893192461111e-17,2e-17,0.6,2.0,30,50.0,627.2512212610997,0.3587079504566504,0.01,22.13316108846108,27.235040988627784,21.53221288515406,22.65266106442577,560.2240896358547,0.04304128486147712,3.8492609883370767
150,2.5118864315095718e-17,2e-17,0.6,2.0,30,50.0,627.2512212610997,0.3587079504566504,0.01,22.102076518472163,27.22030398986664,21.509803921568626,22.630252100840337,560.2240896358547,0.017234953299246982,3.8492609883370767
150,3.9810717055349855e-17,2e-17,0.6,2.0,30,50.0,627.2512212610997,0.3587079504566504,0.01,22.05289705502087,27.196957901748515,21.45378151260504,22.58543417366947,565.8263305322132,0.006924633752387907,3.8492609883370767
150,6.309573444801943e-17,2e-17,0.6,2.0,30,50.0,627.2512212610997,0.3587079504566504,0.01,21.975220282480475,27.160073189878986,21.386554621848738,22.518207282913163,565.8263305322113,0.002796907177994974,3.8492609883370767
150,1e-16,2e-17,0.6,2.0,30,50.0,627.2512212610997,0.3587079504566504,0.01,21.852970151210314,27.10223588883557,21.26330532212885,22.394957983193276,565.8263305322132,0.0011390454099133923,3.8492609883370767
150,1.5848931924611109e-16,2e-17,0.6,2.0,30,50.0,627.2512212610997,0.3587079504566504,0.01,21.662029961467244,27.013225534444057,21.07282913165266,22.215686274509803,571.4285714285717,0.0004698367310761664,3.8492609883370767
150,2.511886431509582e-16,2e-17,0.6,2.0,30,50.0,627.2512212610997,0.3587079504566504,0.01,21.368529309836312,26.881803971031296,20.75910364145658,21.913165266106443,577.0308123249301,0.0001976138745887743,3.8492609883370767
150,3.9810717055349695e-16,2e-17,0.6,2.0,30,50.0,627.2512212610997,0.3587079504566504,0.01,20.931411757295688,26.702523255587664,20.310924369747898,21.48739495798319,588.2352941176472,8.55766128192365e-05,3.8492609883370767
150,6.309573444801943e-16,2e-17,0.6,2.0,30,50.0,627.2512212610997,0.3587079504566504,0.01,20.316059994990162,26.48650208237929,19.69467787114846,20.893557422969185,599.4397759103623,3.8662332325715575e-05,3.8492609883370767
150,1e-15,2e-17,0.6,2.0,30,50.0,627.2512212610997,0.3587079504566504,0.01,19.52156163930937,26.263546045773328,18.876750700280112,20.09803921568627,610.6442577030792,1.8526998787853457e-05,3.8492609883370767
150,1.584893192461111e-15,2e-17,0.6,2.0,30,50.0,627.2512212610997,0.3587079504566504,0.01,18.603901988436817,26.066095020329307,17.946778711484594,19.19047619047619,621.8487394957981,9.590776007295421e-06,3.8492609883370767
150,2.511886431509582e-15,2e-17,0.6,2.0,30,50.0,627.2512212610997,0.3587079504566504,0.01,17.66503342983613,25.911507182669126,16.971988795518207,18.249299719887954,638.6554621848745,5.452593356115117e-06,3.8492609883370767
150,3.9810717055349695e-15,2e-17,0.6,2.0,30,50.0,627.2512212610997,0.3587079504566504,0.01,16.80900954178595,25.800317894995608,16.142857142857142,17.431372549019606,644.257703081233,3.4388141082136843e-06,3.8492609883370767
150,6.309573444801943e-15,2e-17,0.6,2.0,30,50.0,627.2512212610997,0.3587079504566504,0.01,16.102187868996467,25.724460503557903,15.414565826330533,16.71428571428571,649.8599439775905,2.4059698283380176e-06,3.8492609883370767
150,1e-14,2e-17,0.6,2.0,30,50.0,627.2512212610997,0.3587079504566504,0.01,15.563049013810032,25.674309589137906,14.87675070028011,16.18767507002801,655.46218487395,1.8489449072586546e-06,3.8492609883370767
